<?xml version="1.0" encoding="UTF-8" standalone="yes"?>
<addon id="kverhoef" name="kverhoef" version="1.0.0" provider-name="kverhoef">
    <extension point="xbmc.addon.repository" name="Example Repository">
        <dir>
            <info compressed="false">https://raw.githubusercontent.com/kverhoef/kodi/master/repo/zips/addons.xml</info>
            <checksum>https://raw.githubusercontent.com/kverhoef/kodi/master/repo/zips/addons.xml.md5</checksum>
            <datadir zip="true">https://raw.githubusercontent.com/kverhoef/kodi/master/repo/zips/</datadir>
        </dir>
    </extension>
    <extension point="xbmc.addon.metadata">
        <summary>Kodi</summary>
        <description>test</description>
        <disclaimer></disclaimer>
        <platform>all</platform>
        <assets>
            <icon>icon.png</icon>
            <fanart>fanart.jpg</fanart>
        </assets>
    </extension>
</addon>
